"GC","HDL","IFNb","IFNg","IFNg_TNF","IL10","IL13","IL4","IL4_upLPS","LA","LiA","OA","P3C","P3C_PGE2","PA","PGE2","SA","TNF","TNF_P3C","TNF_PGE2","TPP","TPP_IFNb","TPP_IFNb_IFNg","sLPS","sLPS_IC","sLPS_IFNg","upLPS","upLPS_IC"
"Gldn","Yipf6","Acy3","Gbp5","Csf1","Hcfc1r1","Alox15","Alox15","Alox15","Mmp9","Acadvl","Acadvl","Fjx1","Thbs1","Mmp7","Sptlc3","AA467197","Ccl5","Lrg1","Gbp5","Rgs16","C1qtnf1","Pamr1","Ptprf","Mybpc3","Gbp5","Ang2","Srpx"
"Srpx","Mogat1","Mgat4b","Cxcl9","Ccl5","Spocd1","Foxq1","Foxq1","Il17rb","Uck2","Pdk4","Marcksl1","Cxcl12","Sptlc3","Timp3","Lrp5","Mettl1","Cd82","Cxcr5","Slc5a3","Nfs1","Zswim4","Ptprf","C1qtnf1","Il2ra","Gch1","Rnase4","Tbl2"
"Zbtb16","Prpf40a","Cndp1","Cxcl10","Il2rg","Adamtsl4","Ppp1r14a","Ppp1r14a","Wnt5a","Fabp5","G6pdx","Cpt1a","Hif1a","Lrp5","Htra4","Rbp1","Mmp7","Nfs1","Alpl","Crispld2","Ccl5","Traf3ip2","C1qtnf1","Zswim4","Fpr2","Mybpc3","Sparc","Lrg1"
"Tbc1d16","Uhmk1","Nrg2","Serping1","Cxcl9","Ctsg","Dhrs11","Maoa","Tgm2","Mmp7","Acaa2","St14","Ell2","Vmo1","Mcoln3","Pip","Acadvl","Slc5a3","Nfs1","Prrx1","Cyp27b1","Map1lc3a","Zswim4","G0s2","Crispld2","Pim2","Crispld2","Ms4a6d"
"Daam2","Madcam1","Hcrtr2","Irf1","Cyp27b1","Psg23","Il1r1","Socs1","Foxq1","Acadvl","Aqp9","Pdk4","Pdk4","Rbp1","Acadvl","Errfi1","Aqp9","Zswim4","Fcamr","Zswim4","Sparc","Il2ra","Fjx1","Hif1a","Slc25a37","Slc25a37","Tspan3","C1s2"
"Tfcp2l1","Asxl2","Mog","Aim2","Ppme1","Gadd45g","Maoa","Homer2","Maoa","Marcksl1","Mettl1","Uck2","Rbp1","Errfi1","Mettl1","Thbs1","Uck2","Cttn","G0s2","Apol9a","Edn1","Ptprf","Ildr1","Met","Map1lc3a","Apol9a","Slc11a1","Daam2"
"Adamts2","Hmgcr","1700037C18Rik","Stat1","Gbp5","Nupr1","Ctnnal1","Rab33a","Socs1","Ppan","Nrip3","Slc25a20","Slc16a10","Stat4","Fgr","Serpinb2","Matk","Map1lc3a","Ptprf","Mrps6","F5","Crispld2","Pde4d","Pim2","Lrrc38","Serpinb7","Aqp9","Tgm2"
"Sesn1","Arid4b","Mttp","Il27","Parp3","Anxa11","Rasl10a","Cdr2l","1810010H24Rik","Matk","Plin2","Nolc1","Mmp7","Slc16a10","Trim9","Satb1","Sphk1","G0s2","Ptges","Sspn","Hopx","Cxcl13","Ptpn1","Il2ra","Slc5a3","Ptges","Traf3ip2","Gdf15"
"Pdgfd","Fbxw7","Utp20","Hapln3","Tspan3","Bok","Espnl","Ctnnal1","Ccl5","Aqp9","AA467197","AA467197","Tfrc","Serinc2","Matk","Pdk4","Phldb1","Crispld2","Eif1b","Acvr1b","Dixdc1","Gk5","Il2ra","Traf3ip2","Vnn3","Vnn3","Wsb1","Bok"
"Methig1","Gas2l3","Lyzl4","Ankrd22","Nfs1","Agrp","Acot7","Dhrs11","Ust","AA467197","Cpt1a","Mmp9","Ccl3","Tfpi","Asphd1","Serinc2","Mmp9","Ptprf","Vegfa","Adamdec1","Tsc22d1","Tnip1","G0s2","Panx2","Zswim4","Fpr2","Cldn23","Tbc1d16"
"Mfge8","Itpripl2","Mblac1","Gch1","Cttn","Tceal5","Slc39a10","Espnl","Dhrs11","Mrto4","Fabp4","Fabp5","Rarres1","Runx3","AA467197","Slc16a10","Abcc3","Adarb1","Tm4sf1","Rhbdf2","F3","Slc25a37","Trip10","Slc25a37","Vnn1","Cpd","Tubg2","Dhrs3"
"Pdgfc","Aak1","BC025920","Bpi","Tmem132a","Ctrl","Rtkn","Fcer2a","Ccl3","Mettl1","Mmp9","Mettl1","Ms4a7","Serpinb2","Gdf15","Vtn","Slc6a6","Adamdec1","Slc5a3","Nsun7","Slc35f2","Adarb1","Ebf1","Kl","Fjx1","Kl","Ninj1","Nrip1"
"Agrp","Ugp2","Fam155a","Gbp2","Rhbdf2","Cdca4","Egln3","Cbr3","Acot7","Nolc1","Abcc3","Wdr4","Cd59b","Pim2","Nrip3","Il18r1","Slc7a11","C1qtnf1","Hey1","Cd38","Nck2","Cd82","Fpr2","Bmp6","Pim2","Foxc1","Slc7a11","Sema6b"
"Pick1","Plekhb2","Fam110c","Batf2","Slc29a1","Rnf126","Il1r2","Palld","Ppp1r14a","Sphk1","Matk","Aqp9","Stat4","Hmgb3","Gpc4","Stat4","Fabp5","Mrps6","Zkscan2","Ikbke","Acvr1b","Ptpn1","Adarb1","Mpzl1","Adamdec1","Tnfaip6","Elf4","Il2ra"
"Cpm","Taz","Ttc7","Vamp5","Trim56","Fcgr4","Dtna","Batf3","Plat","Ccl24","Pus7","Slc16a3","Elmo2","Plekhg2","Aqp9","Pbld2","Tpst1","Parp10","Trem1","Cttn","G0s2","Fth1","A4galt","A4galt","Tspan7","Crispld2","Ell2","Ttll4"
"Sap30","Tspan12","Tlr3","Cd274","Manbal","Trp53i13","Hcfc1r1","Acot7","Ctnnal1","Abcc3","Sel1l","Exog","Dusp4","Gna12","Uchl1","Pcsk5","Ptrh2","Tnip1","Nck2","Iscu","Rhbdf2","Trip10","Mamld1","Slc5a3","Ghrl","Plagl2","Slc16a10","Slc5a3"
"Pdk4","Rspry1","Myf5","Mdk","Ikbke","Sez6l2","Homer2","Nmnat3","Homer2","Phldb1","Uck2","Bccip","Plagl2","Atp13a3","Fabp5","Ankrd9","Gna12","Stom","Zswim4","Gch1","Fxyd2","G0s2","Mpzl1","Vegfa","Slc7a11","Map1lc3a","Dnajb2","Cyb5a"
"Epdr1","Rabgap1","Axl","Ube2l6","Mitf","Spata2l","Nmnat3","Rrp1b","Clec4g","Tgm2","St14","Hs3st1","Smpdl3a","Smox","Myoz1","Rdh10","Srprb","Pnkd","Nrip1","Nfs1","Aco1","Gadd45a","Tnip1","Vnn3","Kl","Panx2","Gpsm1","Ankrd33"
"Fcgr4","Pak2","Cpxm2","Edn1","Xpc","Rbp3","Tpm2","Duoxa1","Fcer2a","Ppp1r14b","Slc25a20","Ppan","Fcamr","Ms4a7","Mgst1","Tfpi","Nrip3","Rhbdf2","Dleu7","Fpr2","Adamdec1","Mpzl1","Crispld2","Zfp281","Syt11","Insig2","Inpp1","Soat1"
"Ms4a6d","Rad21","Tmc3","Apol9a","Acvr1b","Cat","Cylc2","Rasl10a","Mettl1","Wdr4","Mfsd10","Prmt5","Lxn","Hif1a","Ficd","Vmo1","Nolc1","Dram1","Ccl5","Tmem205","Zswim4","Sod2","Gramd1a","Adarb1","Hif1a","Agap3","Acvr1b","Plin2"
"Ablim3","Fgfr1","1700028P14Rik","Slc6a12","Cd82","Rbp1","Xpnpep2","Itpripl1","Nfs1","Slc5a6","Impad1","Ebna1bp2","Met","Tfrc","Gnl3","Slc25a20","Mgst1","Slc9a1","Usp13","Ccl5","Matk","Gramd1a","Adora2a","Fjx1","Epb41l3","Irf1","Cldn15","Glul"
"Flrt2","Abcd4","Grp","Rhbdf2","Eno2","Fcgr1","Gm23971","Il1r2","Batf3","Ptprm","Wdr4","Phldb1","Brpf3","Epas1","St6galnac4","Il18rap","Mreg","Slc3a2","Mrps6","Slc9a1","Mettl1","Fjx1","Slc5a3","Pde4d","Ptprf","Rhbdf2","Lat","Tpst1"
"Man1a","Vps13c","Srpx","Parp14","Rhbdd1","Vegfb","Rab40b","Duox1","Cd209d","Slc22a4","Paics","Tgm2","Igfbp4","Rapgef1","Mybph","Epas1","Dpysl3","Lat","Npsr1","Slc3a2","Cd82","Slc25a28","Vegfa","Fpr2","Ets2","Fbxl20","Slamf9","Arhgap12"
"Dact1","Plekha1","Gm13101","Itgb7","Zswim4","Rilpl1","Crh","Ramp1","Abcb4","Prmt5","Mrto4","Paics","Tnip3","Mamld1","Tgm2","Csf2","Marcksl1","Rasgrp1","Crispld2","Cd82","Ptpn1","Hif1a","Mrps6","Ereg","Thbs4","Stat4","Phf13","Cd38"
"She","Mrap","Padi4","Jak2","Terf2ip","Nrp2","Nmd3","Syt17","Duox1","Slc16a3","Slc16a3","Dph2","Vmo1","Prdm8","Dpysl3","Cables1","Psma6","Mtf1","A4galt","C1s2","Tnip1","Rhbdf2","Stat4","Hey1","Cxcl5","Sod2","Slc5a3","Kitl"
"Alox8","Atxn3","Zfp667","Snx10","Kctd13","Pcolce2","Socs1","Sox8","Slamf1","Anpep","Plxna1","Anpep","Ccl9","Pde4b","Il1rn","Rasd2","Traf3ip2","Gm20547","Mast4","Panx2","Mrps6","Tnfaip6","Traf3ip2","Stat4","Cldnd2","Il2ra","Slc3a2","Mrps6"
"Pik3ip1","Ubn2","Snora33","Muc1","Cnih4","Pip","Itpripl1","Epn2","Sult1c2","Spats2l","Tomm40","Ptprm","Arnt2","Antxr2","Srprb","Runx3","Hyou1","Tmem132a","Myo1b","Snx10","Slc5a3","A4galt","Hivep1","Tfpi","Ptpn1","Il6","Adamdec1","Timp1"
"Pon2","Pum1","Phlpp2","Ascl2","Gpc4","Prkrip1","AU022252","Wnt5b","Hopx","Gna12","Tgm2","Plin2","Map3k8","Pgs1","Slc7a11","Tfrc","Gnl3","Zfp281","Srgn","Stom","Cttn","Cyp26a1","Tnfrsf9","Sod2","Yod1","Papolg","Cflar","Pdk4"
"Tcn2","Whamm","Pcdhb3","Gm20547","Scarf1","Gprin3","Cdr2l","Dtna","Il1r2","Gpatch4","Fabp5","Gpatch4","Ppbp","Pip","Mmp9","Stmn1","Tfrc","Ptpn1","Lamb3","Parp14","Traf3ip2","Slc5a3","Panx2","Prdm8","Stat4","Ptpn1","Trem1","Chst15"
"Serpinf1","Opa3","St8sia6","Cd38","Slco4a1","Apoc1","Rab33a","Dhrs2","Chn2","Pdlim7","Bola2","Mrpl14","Cd209d","Col23a1","Bex2","Pgs1","Plxna1","Tnfaip6","Gtpbp4","Scarf1","Mitf","Stat4","Tnnt2","Fth1","Slc43a2","Vegfa","Cldnd2","Fam187b"
"Eif4a3l1","Zbtb34","Nkd1","Psme2","Cln5","Tmem127","Sox8","Wnt5a","Pdcd1lg2","Cd82","Rrp15","Slc22a4","Antxr2","Epb41l3","Sphk1","Col23a1","Tgm2","Apol9a","C1qtnf1","Adarb1","Alox8","Ehd1","Upb1","Mrps6","Mypop","Adora2a","Mrps6","Mlxipl"
"Ear2","Rab40c","Ccdc80","Ifit2","Fnbp4","Tnnt1","Aldh5a1","Sucnr1","Crh","Ptrh2","Fgr","Pus7","Cxcl5","Ivns1abp","Slc6a6","Wipi1","Cpt1a","Lamb3","Ets1","Nfe2l1","Serpine1","Adamdec1","Tmem132a","Cyp3a57","Sod2","Gm36028","Sp100","Man1a"
"Alcam","Blzf1","Atf7ip2","Gm36028","Snx10","Kcnq1","Ppm1f","Gm13547","Palld","Abhd2","Bccip","Abcc3","Tmem127","Satb1","Tm4sf19","Hif1a","Mrto4","Nkg7","Ehd1","Hax1","Cnih4","Fpr2","Zmiz2","Tnip1","Usp13","Glis3","Arrdc2","Flnb"
"Glul","Ssxa1","Nwd1","Lap3","Serping1","Ccdc92","Batf3","Krt17","Lrrc32","Myoz1","Snora33","Dkc1","Hs3st1","Kl","Abcc3","Pde1b","Mmp19","Ikbke","Lrrc32","Lat","Acot7","Panx2","Ehd1","Ptpn1","Rnf145","Ccl8","Sema6b","Ell2"
"Idh1","Baz1a","Capza3","Cul1","Spg11","Zfp687","Krt17","Pelp1","G6pdx","Ebna1bp2","Gpr180","Mrto4","Tfpi","Pdk4","Txnrd1","Ppbp","Fgr","Cyp27b1","Traf3ip2","Orm3","Camp","Acvr1b","Pim2","Map1lc3a","Mctp2","Gramd1a","Notch3","Kctd3"
"Gimap1","Ndrg4","Zc3h18","Elf4","Ncf1","Fabp3","Mrpl55","Ppm1f","Acox3","1110065P20Rik","Slc25a22","Tspan13","Zhx2","Dnah17","G6pdx","Tmem127","Abhd2","Mpzl1","Foxc1","Fbxl20","Tspan3","Plagl2","C130074G19Rik","Cyp26a1","Gramd1a","Lrrc38","Wasl","Htra4"
"Eps8","Arl8a","Nav3","Wdfy1","Gdi1","Eaf1","Rap1gap","Xpnpep2","Ggt5","Polr1c","Aldh1a2","Spats2l","Clec4g","Sytl3","Plin2","Kitl","Wdr4","Usp13","Gadd45a","Fam20a","Ppme1","Ell2","Marcksl1","Prkch","Vegfa","Prr16","Zswim4","Idh1"
"Echdc3","Phka2","Slc35c1","Colq","Crispld2","Krt77","Fcer2a","Fam126a","Lyrm1","Ccdc86","Dkc1","Ipo4","Atp1b3","Insm1","Tfrc","Ocrl","Cd82","Mypop","Nr3c1","Mkln1","Lmo4","Tfpi","Map1lc3a","Poldip3","Wdr33","Zswim4","Lpp","Siglecg"
"Ms4a4d","Mlana","Foxa2","Nfix","Slc1a5","Il17rb","Appl1","Rtkn","Mat2a","Apoe","Tmem33","Nme1","Plin2","Atp1b3","Stx4a","Abhd6","Mcoln3","Cd38","Tnfrsf22","Sirpb1c","Tmem132a","Cep350","Fyn","F11r","Panx2","Slc5a3","Nkg7","Eif1b"
"Slc40a1","Mdm2","Fibp","Apol6","Csrnp2","3425401B19Rik","Ppp1r16a","Auh","Ramp1","Nme1","Marcksl1","Slc5a6","Ibsp","Gna15","Hyou1","Tgfa","Nmt2","Gypc","Zbtb2","Pag1","Mreg","Slamf1","Btg3","Tnfaip6","Sestd1","Mtf1","Tmem38b","Fam20c"
"Tpst1","Hydin","Wdr73","Xkr8","Traf3ip2","Ccdc106","Palld","Nagpa","Auh","Ipo4","Neto2","Brix1","Cdca4","Il2ra","Ncam1","Pim2","Tmem38b","Tmem205","Panx2","Dram1","Rftn1","Fyn","Slc18a1","Adora2a","Il13ra1","Ccdc68","Fnbp4","Fah"
"Elane","Slc12a1","Nxf2","Ppargc1b","Apba3","Pcsk5","BC028528","Ascl2","Ccl17","Tbl2","Abhd2","Ccdc86","Glul","Plaur","Lonrf3","Zzef1","Slc22a4","Car12","Chmp4b","Elmo2","Pkd2","Pgs1","Rhbdf2","Trip10","Mfap3","St3gal1","Luc7l","Ankrd29"
"Ctns","Pptc7","1110059G10Rik","Slamf7","Baz1b","Gchfr","Etv6","Rap1gap","Shpk","St14","Dph2","Prdx4","Aph1b","Traf3ip2","Gla","Arhgap20","Slc35b1","Traf3ip2","Map3k4","Phip","Srgn","Vnn1","Tnfrsf22","Crispld2","Fbxl20","Cyp26a1","Tcea2","C1qa"
"Tmigd3","Srfbp1","Oas2","Gpc4","Sptan1","Clec7a","Cbr3","Arhgap10","Ccl9","Flnb","Pdlim7","Grwd1","Cd300lg","Ebf1","Traf3ip2","Hsdl2","Flnb","Ptges","Lif","Exog","Fam124a","Aco1","Alox8","Pgs1","Cbln3","Pde4d","Mkln1","Agap3"
"Shmt1","Taf13","Hsfy2","Xrn1","Kif1b","Coro2a","Nfil3","Il1r1","Gadd45a","Cpt1a","Phldb1","Mars2","Hmox1","Elmo2","Fam20c","Slc35b4","Tomm40","Cflar","Grpel1","Fcer2a","Phldb1","Nkg7","Prkch","Slc36a4","Slamf1","Slc43a2","Patl1","Sntb1"
"Mpzl2","Gne","Tbrg1","Fam126b","Parp14","Trem2","Abat","2900026A02Rik","Zfp317","Ccl7","Hs3st1","Pprc1","Ninj1","Plagl2","Plekhf1","Cd19","Pmm2","Baz1b","Slc35f2","Apba3","Slco4a1","Pim2","Rftn1","Cep350","Il10ra","Fam110b","Fth1","Sat1"
"P2ry12","Alkbh8","Rtn4rl2","Stx11","Tmem140","Fam104a","Syt17","Tpm2","Cd274","Pprc1","Prdx4","Gna12","Csf2","Fcamr","Slc35b1","Srgn","Plin2","Lad1","Twist1","Plagl2","Crispld2","Vegfa","Lad1","Cd82","Slc16a10","Il15","Srgn","Dvl3"
"Plch1","Cnbd1","Agr3","Akirin2","Cbx8","Sil1","Gpd1l","BC028528","Espnl","Bccip","Mars2","Ikbke","Srgn","Crlf2","Flnb","Cthrc1","Tm4sf19","Tspan3","Myh11","Plekhg3","Tsku","Arnt2","Ccl5","Car12","Foxc1","Rybp","P4htm","Plxna1"
"Gprc5c","Ppfibp1","Gdf10","Fcgr1","Zfp385a","Slc16a5","Igf2bp2","Cd209d","C1qtnf1","Mpp6","Tfb2m","Plxna1","Tnfrsf21","Pde4d","Pmm2","Dpp4","G6pdx","Mmp9","Ildr1","Clec4d","Hivep1","Aqp9","Lrrfip2","Pde4b","St3gal2","Adamdec1","Avpi1","Ptger2"
"Gadd45b","Ngf",NA,"Prrx1","Slc3a2","Dpep3","Epn2","Ttc9c","Il2ra","Acsl3","Slc7a11","Ppil1","Ddah1","Tcf4","Mrto4","Emilin2","Btg3","Manbal","Tmem205","Mutyh","Acox3","Mrps6","Tnfrsf22","Ehd1","Mdm1","Crkl","Cxcl16","C1rl"
"Fah",NA,NA,"Apol9a","Ebag9","Cdk9","Dennd4c","Dagla","Pelp1","Psma6","Pus1","Ctu2","Ifnar1","Cxcl16","Srxn1","Cxcr5","Ppan","Aco1","Fyn","C1qtnf1","Slc1a3","Zfp281","Poldip3","Srgn","Tnfaip6","Traf3ip2","Adarb1","Cnih4"
"Timp4",NA,NA,"Ctrl","Iscu","Cpe","St13","Map1a","Rnf19b","Traf3ip2","Srprb","Polr1c","Tmem50a","Panx2","Rsc1a1","Fuz","Mrpl14","Exog","Ptpn1","Parp10","Ahcyl1","Srgn","Prdm8","Mamld1","Heatr6","Slamf7","Wdfy1","Thbs1"
"Klf9",NA,NA,"Plekho1","Tbx19","Dpp4","Plcb1","Crh","Ak2","Rpl34","Ddx31","Matk","Il6","Ppbp","Uck2","Hs3st1","Preb","Cep350","Upb1","Ankra2","Rasgrp1","Adora2a","Cep350","Gramd1a","Uimc1","Usp13","Apbb3","Rragd"
"Fbln5",NA,NA,"Fem1c","Cxcl10","Shpk","Clybl","Gfra2","Sema4a","Mrpl14","Fbxl6","Maoa","Tmem37","Zzef1","Mitf","Rhobtb3","Mfsd10","Fam20a","Actl7b","Stat1","1810010H24Rik","Clec4d","Hopx","Rapgef1","Glis3","Nsun7","Parp14","Hsdl2"
"C1qa",NA,NA,"Cryab","Mkln1","Zfp668","Cerk","St6gal1","Ptpre","Slco4c1","Eml4","Steap1","Apip","Bmp6","Prkch","Slc25a44","Tnfrsf9","Il2ra","Il2ra","Kpnb1","Ptprf","Rnf145","Hif1a","Btg3","Wsb1","Zhx2","Stx4a","Gusb"
"Antxr2",NA,NA,"Zbtb43","Lat",NA,"Rpl14","Igf2bp2","Cttn","Atp1a1","Ebna1bp2","Rpl34","Gk5","Brpf3","Sox13","Igfbp4","Maoa","Fth1","Nsun7","Nfe2l3","Slamf1","Gzmc","Pde4b","Sestd1","Il1a","Xrn1","Ms4a14","Tcn2"
"Ccl3",NA,NA,"Slco4a1","Zfp46",NA,"Adam12","Ccnh","Cyp27b1","Il1rn","Nfkbie","Snrpa1","Bmp6","Mxd1","Mreg","Cd79a","Pdlim7","Clcn7","Pstpip2","Map1lc3a","Gypc","Ninj1","Slamf1","Nck2","A4galt","Lyn","Zdhhc19","Add3"
"Gal3st4",NA,NA,"Psmb10","Ypel4",NA,"Shpk","Etv6","Zwilch","Ctu2","Gpatch4","Il4i1","Sstr5","Tmem127","Tomm40","Ccl9","Pprc1","Atg2a","Card11","Crkl","Lamb3","Prkch","Cd82","Nampt","Vamp4","Car12","Safb","Ms4a4d"
"Anks1",NA,NA,"Patl1","Cd38",NA,"Rhd","Ckb","St6gal1","Plaur","Gnl3","Srm","Rit1","St3gal1","Gfpt1","Pde4b","Gla","Sik3","Nufip2","Aco1","Fth1","Car12","Mypop","Adamdec1","Gnrh1","Cldnd2","Zbtb34","Ctsd"
"C1qb",NA,NA,"Ccl8","Apol9a",NA,"Rrp1b","Pfkp","Gm20547","Paics","Tfrc","Acaa2","Itga9","Nefh","Fbxo15","Slc26a1","Mei1","Gramd1a","Nfkbie","Slamf7","Lonp1","Cldnd2","Sestd1","Csgalnact1","Gm20605","Cd38","Zfp369","Akr1b3"
"Sntb1",NA,NA,"Parp3","Rhbdf1",NA,"Slc30a4","Sla","Arrdc4","Ikbke","Atp2c1","Abhd2","Cyp3a57","Fam174a","Prkag2","Ms4a7","Il1rn","Gch1","Zdhhc9","Nadk","Aqp9","Btg3","Ppp3cc","Vnn1","Naf1","Plekhg3","Cyb5a","Hipk2"
"Cltc",NA,NA,"Sp100","Psme2",NA,"1600014C10Rik","Hars2","Ccdc6","Mgst1","Hsp90b1","Sphk1","Ebf1","Slc7a11","Nmt2","Ubxn2a","Kpnb1","Nadk","Tbk1","Baz1b","Kif1b","Rab13","Ebi3","Lat","Cyp3a57","Gbp2","Aox1","Palld"
"Gfra2",NA,NA,"Eaf1","Cd86",NA,"Gk2","Arv1","Itpripl1","Tpst1","Mmp7","Pde1b","Timp1","Csf2ra","Mme","Ivns1abp","Ncam1","Clec4d","Map1lc3a","Safb","Sphk1","Gm20605","Fth1","Usp13","C1qtnf1","Lat","Nrip3","Papss2"
"Siglecg",NA,NA,"Rec8","Hdgf",NA,"Kcnq1","Rab40b","Etv6","Tomm40","Traf3ip2","Flnb","Stom","Mpzl1","Baalc","Plekhg2","Slc5a6","Nfe2l1","Sparc","Ptpn1","Mpzl1","Tmem132a","Ereg","Ninj1","Srgn","Gna15","Rabgef1","Sla"
"Sh3pxd2b",NA,NA,"Elmo2","Fmnl3",NA,"Isyna1","Shpk","Daam1","Stip1","Fkbp4","Bola3","Sema3a","Ddx17","Phldb1","Baiap2","Slc1a3","Plagl2","Tnfaip6","Ube2l6","Trim24","Tnip3","Sod2","Sema6b","Agap3","Nampt","Tmem140","Bcl7b"
"Acss1",NA,NA,"Matk","Nes",NA,"Egr3","Gpd1l","Matk","Fam20c","Rapgef1","Ptrh2","Mapk13","Spen","Slc16a10","Timp1","Rsc1a1","Srgn","Tnip1","Usp13","Atp6v1h","Rabgef1","Rnf145","Slc43a2","Ttc14","Ankdd1a","Sestd1","Ctns"
"Il1r2",NA,NA,"Sspn","Slc6a12",NA,"Zfp317","Itm2c","Pkd2","Mthfd1l","Snrpa1","Ddx10","Wipi1","Rev3l","Tns3","Ccl3","Nfkbie","Slc1a3","Nkg7","Tnfaip6","Trem1","Pde4b","Ell","Slc16a10","Nfkbia","Slc7a11","Mybpc3","Zfp330"
"Tlr4",NA,NA,"Tmem140","Calcoco1",NA,"Methig1","Mmp12","Bid","Fgfrl1","Igf2r","Aldh1a2","Pla2g7","Arid3b","Preb","Sytl3","St14","Sparc","Sema6b","Usp11","Nav2","Dennd5a","Nck2","Gadd45a","Prr16","C1s2","Ccl9","Aplp2"
"Gbgt1",NA,NA,"Ifit3","Ascl2",NA,"Ado","Ccl22","Ptges2","Mreg","Slc22a4","Xylb","Adarb1","Srgn","Cd82","Nup214","Lrwd1","Alox8","Rttn","Kcne1","Car12","Cyp27b1","Lrrc38","Ets2","Syce1","Arid5b","Kynu","Cyp27a1"
"Pbp2",NA,NA,"Csrnp2",NA,NA,"Ttc9c","Gm13547","Spint2","Ino80c","Mrpl14","Mfsd10","Fcho2","Arhgap20","Psmd14","Fcamr","Bid","Parp3","Gch1",NA,"Slc43a3","Kynu","Cdk2","Ildr1","Traf3ip2","Gnrh1","Dcp1a","Cpd"
"Brpf3",NA,NA,"Ptpn1",NA,NA,"Tsku","Zfp366","Slc5a3","Cd276","Psma6","Emg1","Mpp5","Nampt","Btg3","Pkib","Pelo","Fyn","Csgalnact1",NA,"Bcat1","Dram1","Fam124a","Rnf145","Ampd3","Plekho1","Btg1","Acsl1"
"Tex2",NA,NA,"Znfx1",NA,NA,"Gm13547","Galnt12","C1s2","Tm4sf19","Psma5","Mthfd1l","Traf3ip2","Ptpn9","Pelo","Gng11","Tbl2","Tube1","Lad1",NA,"Dennd5a","Sestd1","Rab12","Ell2","Fth1","Sp100","Eno2","Psg23"
"Blvrb",NA,NA,"Tifa",NA,NA,"Uqcrh","Fcer1a","Gnl3","Fgr","Exog","Nomo1","Fth1","Aph1b","Ccl24","Cd79b","St6galnac4",NA,"Aqp12",NA,"Ets1","Gk","Map4k4","Fyn",NA,NA,"Atg16l2","Mmd"
"Itga9",NA,NA,NA,NA,NA,"Ascl2","Mal","Cd200",NA,"Pde12","Mreg","Gadd45b","Ets2","Fut4","Malt1","Uchl1",NA,"Syn1",NA,"Ppp3cc",NA,"Nav1","Glis3",NA,NA,"Mtmr3","Tex2"
"Disp1",NA,NA,NA,NA,NA,"Rgs10","Ccl17","Siglecg",NA,"Etfdh","Ppp1r14b","Abca1",NA,"Tbl2","Atp6v0e","Psma5",NA,"Sbds",NA,NA,NA,"Grasp","Rhbdf2",NA,NA,"Mitf","Dpp4"
"Ear2",NA,NA,NA,NA,NA,"Nfx1","Bcar3","Bcar3",NA,"Zmpste24","Nit2",NA,NA,"Tpst1","Hmgb3","Ficd",NA,"Nlrp3",NA,NA,NA,"Traf1","Lad1",NA,NA,"Bbs1","Lamp1"
"Socs1",NA,NA,NA,NA,NA,NA,"Hlx","Pprc1",NA,"Rabggtb",NA,NA,NA,"Gna12","Sidt1",NA,NA,"1810010H24Rik",NA,NA,NA,"Tfpi","Ell",NA,NA,"Gadd45g","Rhobtb3"
"Tsc22d3",NA,NA,NA,NA,NA,NA,"Aldh5a1","Dcun1d3",NA,"Scoc",NA,NA,NA,"Psma6","Ttyh3",NA,NA,"Syt11",NA,NA,NA,"Adamdec1","Srpk1",NA,NA,NA,"Igf2bp3"
"Olah",NA,NA,NA,NA,NA,NA,"Egln3","Gart",NA,"Mreg",NA,NA,NA,"Cxxc5","Arl4c",NA,NA,"Add3",NA,NA,NA,"Plagl2","Slc7a11",NA,NA,NA,"Lrpap1"
"Slc1a3",NA,NA,NA,NA,NA,NA,"Hes6","Srgn",NA,"Asb1",NA,NA,NA,"Slc3a2",NA,NA,NA,"Mybpc3",NA,NA,NA,NA,NA,NA,NA,NA,"Hamp2"
"Kif16b",NA,NA,NA,NA,NA,NA,"Cerk","Gcnt3",NA,NA,NA,NA,NA,"Sec61a1",NA,NA,NA,NA,NA,NA,NA,NA,NA,NA,NA,NA,"Itgae"
"Bcl2l11",NA,NA,NA,NA,NA,NA,"Irf4","Ehf",NA,NA,NA,NA,NA,"Ptrh2",NA,NA,NA,NA,NA,NA,NA,NA,NA,NA,NA,NA,"Crk"
"Cd164",NA,NA,NA,NA,NA,NA,"Fzd2","Ccl9",NA,NA,NA,NA,NA,"Bid",NA,NA,NA,NA,NA,NA,NA,NA,NA,NA,NA,NA,"Fam20a"
"Txnip",NA,NA,NA,NA,NA,NA,"Camk1d","Mrps6",NA,NA,NA,NA,NA,"Tmem38b",NA,NA,NA,NA,NA,NA,NA,NA,NA,NA,NA,NA,"Ets2"
"Tfpi",NA,NA,NA,NA,NA,NA,"Ccl9","Aldh9a1",NA,NA,NA,NA,NA,"Serpine2",NA,NA,NA,NA,NA,NA,NA,NA,NA,NA,NA,NA,NA
"F13a1",NA,NA,NA,NA,NA,NA,NA,"Syn1",NA,NA,NA,NA,NA,"Khdrbs3",NA,NA,NA,NA,NA,NA,NA,NA,NA,NA,NA,NA,NA
"Cd7",NA,NA,NA,NA,NA,NA,NA,"Smad6",NA,NA,NA,NA,NA,NA,NA,NA,NA,NA,NA,NA,NA,NA,NA,NA,NA,NA,NA
NA,NA,NA,NA,NA,NA,NA,NA,"Dnase1l3",NA,NA,NA,NA,NA,NA,NA,NA,NA,NA,NA,NA,NA,NA,NA,NA,NA,NA,NA
